brand,product_name,sizes,local_image_path,image_url,description,price_vnd,category,gender,id,fit_cut,stretch,size_chart_summary
Zara,Áo Khoác Biker Da Nhân Tạo Đính Khóa Kim Loại,"S, M, L, XL",assets/products/zara/zara_biker_jacket.jpg,https://static.zara.net/photos/products/zara_biker_jacket.jpg,"Thiết kế biker jacket phong cách rock-chic với chất liệu da PU cao cấp hiệu ứng hạt sần. Ve cổ nhọn đính nút bấm bạc, khóa kéo xéo lệch đặc trưng và túi zip kim loại.",2299000,Áo khoác da,Unisex,zara_jk_01,regular,none,"M: Vai 41cm, Ngực 96cm, Eo 80cm, Dài 68cm"
Zara,Áo Khoác Dạ Len Dáng Dài Hai Hàng Cúc (Overcoat),"XS, S, M, L",assets/products/zara/zara_wool_overcoat.jpg,https://static.zara.net/photos/products/zara_wool_overcoat.jpg,"Áo măng tô dạ pha len dày dặn màu xám than sang trọng, phom suông dài đứng chuẩn châu Âu. Chi tiết hai hàng cúc cài, ve cổ bản lớn kết hợp xẻ tà sau tạo độ bay mềm mại.",2799000,Áo khoác dạ,Nữ,zara_jk_02,regular,low,"M: Vai 41cm, Ngực 96cm, Eo 80cm, Dài 102cm"
Zara,Áo Khoác Bomber Kaki Phong Cách Phi Công,"S, M, L, XL",assets/products/zara/zara_bomber_kaki.jpg,https://static.zara.net/photos/products/zara_bomber_kaki.jpg,"Chất liệu kaki dệt chéo màu xanh rêu olive chống gió, cổ bo dệt kim êm ái. Túi zip phong cách phi công quân đội ở cánh tay trái và túi viền 2 bên hông.",1699000,Áo khoác bomber,Nam,zara_jk_03,regular,low,"M: Vai 43cm, Ngực 98cm, Eo 80cm, Dài 68cm"
Zara,Áo Blazer Đen Dáng Suông Tối Giản Cao Cấp,"XS, S, M, L",assets/products/zara/zara_tailored_blazer.jpg,https://static.zara.net/photos/products/zara_tailored_blazer.jpg,"Blazer phom relaxed đệm vai sắc sảo mang ngôn ngữ thiết kế tối giản hiện đại của Zara. Cổ ve nhọn thanh lịch, cài một nút trước ngực, túi mổ có nắp tinh xảo.",1999000,Áo blazer,Unisex,zara_jk_04,regular,low,"M: Vai 41cm, Ngực 96cm, Eo 80cm, Dài 68cm"
Zara,Áo Khoác Phao Có Mũ Trượt Nước Dáng Rộng,"XS, S, M, L",assets/products/zara/zara_hooded_puffer.jpg,https://static.zara.net/photos/products/zara_hooded_puffer.jpg,"Áo khoác chần bông màu trắng kem thời thượng, mũ trùm có dây rút điều chỉnh. Bề mặt vải xử lý chống thấm nước trượt nước, khóa kéo kín và bo thun cổ tay giữ ấm tối đa.",1899000,Áo khoác phao,Nữ,zara_jk_05,oversized,none,"M: Vai 41cm, Ngực 100cm, Eo 84cm, Dài 68cm"
Zara,Áo Khoác Dạ Tweed Trắng Kem Phối Khuy Vàng Sang Trọng,"XS, S, M, L",assets/products/zara/zara_tweed_jacket.jpg,https://static.zara.net/photos/products/zara_tweed_jacket.jpg,"Chất dạ tweed bouclé dệt nổi tinh xảo màu trắng kem quý phái. Cổ tròn không bẻ, hàng khuy kim loại chạm khắc hoa văn mạ vàng cao cấp, túi mổ trang trí trước ngực.",2499000,Áo khoác dạ,Nữ,zara_jk_06,regular,low,"M: Vai 41cm, Ngực 96cm, Eo 80cm, Dài 68cm"
Zara,Áo Khoác Bomber Da Lộn Nâu Camel Thời Thượng,"S, M, L, XL",assets/products/zara/zara_suede_bomber.jpg,https://static.zara.net/photos/products/zara_suede_bomber.jpg,"Chất da lộn nhân tạo siêu mềm mịn màu nâu camel cổ điển. Thiết kế phom bomber bo thun gấu áo và cổ tay áo co giãn êm ái, khóa kéo kim loại sáng bóng thanh lịch.",2199000,Áo khoác da,Nam,zara_jk_07,regular,none,"M: Vai 43cm, Ngực 98cm, Eo 80cm, Dài 68cm"
Zara,Áo Khoác Gió Thể Thao Phom Suông Cổ Cao Phối Trắng Xám,"S, M, L, XL",assets/products/zara/zara_windbreaker.jpg,https://static.zara.net/photos/products/zara_windbreaker.jpg,"Dòng trang phục thể thao Zara Athletic với chất vải cản gió siêu nhẹ. Cổ áo dựng đứng có dây rút co giãn, túi zip ẩn hông tiện lợi và đường may giấu tỉ mỉ.",1499000,Áo khoác gió,Unisex,zara_jk_08,regular,low,"M: Vai 41cm, Ngực 96cm, Eo 80cm, Dài 68cm"
Zara,Áo Khoác Denim Dáng Rộng Wash Xanh Cổ Điển,"S, M, L, XL",assets/products/zara/zara_denim_vintage.jpg,https://static.zara.net/photos/products/zara_denim_vintage.jpg,"Vải bò 100% cotton xử lý wash màu xanh sáng vintage tự nhiên. Thiết kế dáng suông rộng phóng khoáng, hai túi nắp ngực đính cúc kim loại dập vân cổ điển.",1599000,Áo khoác jean,Unisex,zara_jk_09,oversized,low,"M: Vai 41cm, Ngực 100cm, Eo 84cm, Dài 68cm"
Zara,Áo Khoác Măng Tô Trench Coat Dáng Dài Kèm Thắt Lưng,"XS, S, M, L",assets/products/zara/zara_long_trench.jpg,https://static.zara.net/photos/products/zara_long_trench.jpg,"Mẫu trench coat kinh điển hai hàng cúc với ve cổ lớn sang trọng. Vải kaki trượt nước cao cấp màu be cát, thắt lưng đai cài bản to tôn eo và cầu vai cài nút quý phái.",2999000,Áo khoác gió,Nữ,zara_jk_10,regular,low,"M: Vai 41cm, Ngực 96cm, Eo 80cm, Dài 102cm"
Uniqlo,Áo Khoác Phao Siêu Nhẹ Siêu Ấm (Ultra Light Down Jacket),"S, M, L, XL, XXL",assets/products/uniqlo/uniqlo_ultra_light_down.jpg,https://image.uniqlo.com/UQ/ST3/vn/imagesgoods/ultra_light_down.jpg,Vải nylon siêu mỏng nhẹ chống trượt nước kết hợp lớp đệm lông vũ tự nhiên 90/10 giữ nhiệt tối ưu. Có thể cuộn gọn vào túi đựng nhỏ gọn mang theo mọi lúc.,1499000,Áo khoác phao,Unisex,uniqlo_jk_01,regular,none,"M: Vai 41cm, Ngực 96cm, Eo 80cm, Dài 68cm"
Uniqlo,Áo Khoác Giả Lông Cừu Kéo Khóa Cổ Cao (Fluffy Fleece),"XS, S, M, L, XL",assets/products/uniqlo/uniqlo_fluffy_fleece.jpg,https://image.uniqlo.com/UQ/ST3/vn/imagesgoods/fluffy_fleece.jpg,"Chất nỉ lông xù mềm mại như lông cừu, màu trắng kem trang nhã. Cổ đứng cao cản gió, túi trước lót vải nỉ ấm áp, thiết kế bo gấu nhẹ giữ ấm cơ thể trong mùa lạnh.",686000,Áo khoác lông,Nữ,uniqlo_jk_02,regular,low,"M: Vai 41cm, Ngực 96cm, Eo 80cm, Dài 68cm"
Uniqlo,Áo Khoác Parka Blocktech Chống Gió Chống Nước Cao Cấp,"S, M, L, XL",assets/products/uniqlo/uniqlo_blocktech_parka.jpg,https://image.uniqlo.com/UQ/ST3/vn/imagesgoods/blocktech_parka.jpg,Công nghệ màng Blocktech cản gió 100% và chống mưa hiệu quả với các đường ép nhiệt chống thấm. Thiết kế mũ trùm 3 mảnh và khóa ngực ép nhiệt chống nước sắc sảo.,1499000,Áo khoác gió,Nam,uniqlo_jk_03,regular,low,"M: Vai 43cm, Ngực 98cm, Eo 80cm, Dài 102cm"
Uniqlo,Áo Khoác Denim Co Giãn Thoải Mái (Stretch Denim Jacket),"S, M, L, XL",assets/products/uniqlo/uniqlo_stretch_denim.jpg,https://image.uniqlo.com/UQ/ST3/vn/imagesgoods/stretch_denim.jpg,Vải cotton denim pha sợi co giãn cao cấp màu chàm đậm Indigo. Phom áo Regular Fit kinh điển với hai túi nắp ngực và chỉ may viền cam nổi bật chuẩn phong cách Nhật.,980000,Áo khoác jean,Nam,uniqlo_jk_04,regular,medium,"M: Vai 43cm, Ngực 98cm, Eo 80cm, Dài 68cm"
Uniqlo,Áo Khoác Phao Cổ Tròn Dáng Gọn (Ultra Light Down Compact),"S, M, L, XL",assets/products/uniqlo/uniqlo_compact_down.jpg,https://image.uniqlo.com/UQ/ST3/vn/imagesgoods/compact_down.jpg,Thiết kế không cổ với hàng cúc bấm phẳng tinh tế màu xanh rêu quân đội. Hoàn hảo để mặc ngoài như áo khoác nhẹ hoặc mặc lót trong áo măng tô vào những ngày rét đậm.,1199000,Áo khoác phao,Unisex,uniqlo_jk_05,regular,none,"M: Vai 41cm, Ngực 96cm, Eo 80cm, Dài 68cm"
Uniqlo,Áo Khoác Len Souffle Sợi Dệt Mịn Màng Cổ Tim,"S, M, L, XL",assets/products/uniqlo/uniqlo_souffle_cardigan.jpg,https://image.uniqlo.com/UQ/ST3/vn/imagesgoods/souffle_cardigan.jpg,"Chất len dệt Souffle độc quyền xốp nhẹ, hoàn toàn không gây ngứa ngáy trên da. Màu xám tiêu trang nhã với hàng cúc vân sừng sang trọng, lý tưởng cho thời tiết se lạnh.",784000,Áo khoác len,Unisex,uniqlo_jk_06,regular,medium,"M: Vai 41cm, Ngực 96cm, Eo 80cm, Dài 68cm"
Uniqlo,Áo Khoác Nỉ Lông Cừu Cản Gió Siêu Ấm (Windproof Fleece),"S, M, L, XL",assets/products/uniqlo/uniqlo_windproof_fleece.jpg,https://image.uniqlo.com/UQ/ST3/vn/imagesgoods/windproof_fleece.jpg,"Tích hợp lớp màng chống gió siêu mỏng nằm giữa hai lớp vải lông xù ấm áp. Túi zip ngực viền tương phản tiện dụng, cổ cao ôm sát bảo vệ cổ họng trong gió lạnh.",980000,Áo khoác lông,Unisex,uniqlo_jk_07,regular,low,"M: Vai 41cm, Ngực 96cm, Eo 80cm, Dài 68cm"
Uniqlo,Áo Khoác Kaki Đa Năng Utility Parka Cổ Nhung Tăm,"S, M, L, XL",assets/products/uniqlo/uniqlo_utility_jacket.jpg,https://image.uniqlo.com/UQ/ST3/vn/imagesgoods/utility_jacket.jpg,Lấy cảm hứng từ áo khoác thợ săn truyền thống với vải canvas xanh rêu dệt dày dặn và cổ bẻ nhung tăm nâu. Bốn túi hộp tiện ích phía trước đáp ứng nhu cầu mang đồ thường nhật.,1499000,Áo khoác gió,Nam,uniqlo_jk_08,regular,low,"M: Vai 43cm, Ngực 98cm, Eo 80cm, Dài 102cm"
Uniqlo,Áo Khoác Phao Lông Vũ Không Đường May (Seamless Down Parka),"S, M, L, XL, XXL",assets/products/uniqlo/uniqlo_seamless_down.jpg,https://image.uniqlo.com/UQ/ST3/vn/imagesgoods/seamless_down.jpg,Công nghệ ép nhiệt không đường may giúp ngăn chặn tuyệt đối gió lạnh lùa và nước mưa ngấm qua khe chỉ. Đệm lông vũ chất lượng cao giữ nhiệt hoàn hảo dưới 0 độ C.,2499000,Áo khoác phao,Unisex,uniqlo_jk_09,regular,none,"M: Vai 41cm, Ngực 96cm, Eo 80cm, Dài 102cm"
Uniqlo,Áo Blazer Kẻ Caro Phom Thoải Mái (Relaxed Tailored Jacket),"S, M, L, XL",assets/products/uniqlo/uniqlo_relaxed_blazer.jpg,https://image.uniqlo.com/UQ/ST3/vn/imagesgoods/relaxed_blazer.jpg,Chất dạ dệt kẻ caro xám than tinh tế với công nghệ co giãn nhẹ chống nhăn. Phom suông hiện đại vừa vặn cho môi trường công sở thông minh năng động.,1799000,Áo blazer,Nam,uniqlo_jk_10,regular,low,"M: Vai 43cm, Ngực 98cm, Eo 80cm, Dài 68cm"
H&M,Áo Khoác Dạ Pha Len Một Hàng Cúc Thanh Lịch,"S, M, L, XL",assets/products/hm/hm_tailored_wool_coat.jpg,https://lp2.hm.com/hmprod?set=tailored_wool_coat.jpg,"Áo khoác dạ tông màu be camel ấm áp mang phong cách Bắc Âu thanh lịch. Thiết kế một hàng cúc tối giản, túi nắp tinh tế, phom suông che khuyết điểm hoàn hảo.",1499000,Áo khoác dạ,Nữ,hm_jk_01,regular,low,"M: Vai 41cm, Ngực 96cm, Eo 80cm, Dài 68cm"
H&M,Áo Khoác Phao Cổ Đứng Ngắn Chần Bông Đen,"XS, S, M, L",assets/products/hm/hm_stand_collar_puffer.jpg,https://lp2.hm.com/hmprod?set=stand_collar_puffer.jpg,"Áo phao ngắn chần bông màu đen kinh điển, cổ đứng cản gió hiệu quả. Khóa kéo ẩn cùng hai túi zip hông tiện lợi, lớp lót giữ nhiệt nhẹ nhàng không gây cảm giác nặng nề.",999000,Áo khoác phao,Unisex,hm_jk_02,regular,none,"M: Vai 41cm, Ngực 96cm, Eo 80cm, Dài 52cm"
H&M,Áo Khoác Varsity Bóng Chày Thêu Logo Học Đường,"S, M, L, XL",assets/products/hm/hm_varsity_bomber.jpg,https://lp2.hm.com/hmprod?set=varsity_jacket.jpg,"Phong cách học đường Mỹ với thân nỉ xanh navy phối tay áo trắng ngà tương phản. Thêu nổi logo chữ 'H 1947' trước ngực, bo thun sọc cổ áo và cổ tay thể thao năng động.",1199000,Áo khoác bomber,Unisex,hm_jk_03,oversized,low,"M: Vai 41cm, Ngực 100cm, Eo 84cm, Dài 68cm"
H&M,Áo Khoác Biker Da Dáng Lửng Kéo Khóa Chéo,"XS, S, M, L",assets/products/hm/hm_biker_cropped.jpg,https://lp2.hm.com/hmprod?set=biker_cropped.jpg,"Chất da nhân tạo mềm mịn màu đen tuyền với thiết kế croptop lửng tôn eo. Cổ bẻ ve nhọn đính cúc bấm kim loại, khóa kéo túi chéo tạo điểm nhấn góc cạnh sành điệu.",1299000,Áo khoác da,Nữ,hm_jk_04,regular,none,"M: Vai 41cm, Ngực 96cm, Eo 80cm, Dài 52cm"
H&M,Áo Khoác Shacket Dạ Kẻ Caro Phom Rộng Vintage,"S, M, L, XL",assets/products/hm/hm_plaid_shacket.jpg,https://lp2.hm.com/hmprod?set=plaid_shacket.jpg,"Áo sơ mi khoác ngoài (shacket) chất vải dệt dày dặn họa tiết ca rô be - nâu ấm áp. Túi hộp nắp đậy đối xứng trước ngực, phom oversize trẻ trung dễ phối layer.",1099000,Áo khoác dạ,Unisex,hm_jk_05,oversized,low,"M: Vai 41cm, Ngực 100cm, Eo 84cm, Dài 68cm"
H&M,Áo Khoác Parka Dáng Dài Có Mũ Viền Lông Cừu Nhân Tạo,"S, M, L, XL",assets/products/hm/hm_parka_fur.jpg,https://lp2.hm.com/hmprod?set=parka_fur.jpg,"Áo parka chống rét cao cấp màu xanh rêu quân đội. Mũ trùm viền lông nhân tạo có thể tháo rời, dây rút eo tùy chỉnh độ ôm và lớp lót bông xốp ấm áp.",1799000,Áo khoác gió,Unisex,hm_jk_06,regular,low,"M: Vai 41cm, Ngực 96cm, Eo 80cm, Dài 102cm"
H&M,Áo Khoác Nỉ Lông Teddy Xốp Trắng Ngà Ấm Áp,"XS, S, M, L",assets/products/hm/hm_teddy_jacket.jpg,https://lp2.hm.com/hmprod?set=teddy_jacket.jpg,"Chất nỉ xù giả lông teddy mềm như bông màu trắng ngà. Thiết kế khóa kéo đôi êm ái, cổ đứng ấm cổ và hai túi mổ trước giữ ấm tay trong mùa gió đông.",899000,Áo khoác lông,Nữ,hm_jk_07,regular,low,"M: Vai 41cm, Ngực 96cm, Eo 80cm, Dài 68cm"
H&M,Áo Khoác Dạ Tweed Dệt Họa Tiết Đen Trắng Cổ Điển,"XS, S, M, L",assets/products/hm/hm_tweed_cropped.jpg,https://lp2.hm.com/hmprod?set=tweed_cropped.jpg,"Vải dạ tweed dệt họa tiết tiêu đen trắng thanh lịch. Cổ tròn không bẻ viền nhung đen sắc sảo, cúc cài tròn bóng và phom croptop tôn chiều cao khi diện cùng quần cạp cao.",1399000,Áo khoác dạ,Nữ,hm_jk_08,regular,low,"M: Vai 41cm, Ngực 96cm, Eo 80cm, Dài 68cm"
H&M,Áo Khoác Dù Thể Thao Phong Cách Thập Niên 90,"S, M, L, XL",assets/products/hm/hm_track_jacket.jpg,https://lp2.hm.com/hmprod?set=track_jacket.jpg,"Thiết kế colorblock thể thao phối ba dải màu xanh ngọc, trắng và đen thời thượng. Chất vải dù dù nhăn chống gió, có lớp lót lưới thoáng khí và logo H&M thêu ngực.",999000,Áo khoác gió,Unisex,hm_jk_09,regular,low,"M: Vai 41cm, Ngực 96cm, Eo 80cm, Dài 68cm"
H&M,Áo Khoác Dạ Dáng Dài Hai Hàng Cúc Màu Đen Quyền Lực,"S, M, L, XL",assets/products/hm/hm_black_coat.jpg,https://lp2.hm.com/hmprod?set=black_coat.jpg,"Áo măng tô dạ đen tuyền dáng dài qua đầu gối với ve cổ nhọn sắc nét. Phom đứng đệm vai chuẩn chỉnh, hai hàng cúc xừng đen và túi ngực mổ thanh thoát.",1999000,Áo khoác dạ,Nữ,hm_jk_10,regular,low,"M: Vai 41cm, Ngực 96cm, Eo 80cm, Dài 102cm"
Stradivarius,Áo Khoác Phao Cropped Dáng Phồng Trẻ Trung,"XS, S, M, L",assets/products/stradivarius/stradivarius_cropped_puffer.jpg,https://static.stradivarius.net/products/cropped_puffer.jpg,"Dáng áo lửng croptop phồng xốp thời thượng màu be sáng. Cổ cao dựng đứng giữ nhiệt, tay áo và gấu áo bo chun ôm nhẹ tôn dáng eo cho giới trẻ năng động.",1099000,Áo khoác phao,Nữ,stradivarius_jk_01,regular,none,"M: Vai 41cm, Ngực 96cm, Eo 80cm, Dài 52cm"
Stradivarius,Áo Khoác Biker Aviator Da Lộn Phối Lông Cừu,"XS, S, M, L",assets/products/stradivarius/stradivarius_aviator_jacket.jpg,https://static.stradivarius.net/products/aviator_jacket.jpg,"Kiểu dáng áo phi công aviator cổ điển với mặt ngoài da lộn nâu bò cao cấp, toàn bộ ve cổ, gấu áo và viền tay áo phối lông cừu trắng ấm áp và cá tính.",1699000,Áo khoác da,Nữ,stradivarius_jk_02,regular,none,"M: Vai 41cm, Ngực 96cm, Eo 80cm, Dài 68cm"
Stradivarius,Áo Blazer Dạ Kẻ Houndstooth Nanh Sói Hai Hàng Cúc,"XS, S, M, L",assets/products/stradivarius/stradivarius_houndstooth_blazer.jpg,https://static.stradivarius.net/products/houndstooth_blazer.jpg,"Chất dạ dệt dày dặn họa tiết nanh sói đen trắng kinh điển. Thiết kế chiết eo nhẹ với hai hàng cúc đen tương phản, mang lại diện mạo sang trọng cuốn hút.",1299000,Áo blazer,Nữ,stradivarius_jk_03,regular,low,"M: Vai 41cm, Ngực 96cm, Eo 80cm, Dài 68cm"
Stradivarius,Áo Khoác Trench Coat Dáng Lửng Kèm Đai Thắt,"XS, S, M, L",assets/products/stradivarius/stradivarius_crop_trench.jpg,https://static.stradivarius.net/products/crop_trench.jpg,"Biến tấu thời thượng từ phom măng tô truyền thống thành dáng trench coat lửng ngang eo có đai thắt khóa kim loại. Cầu vai đính cúc sành điệu, chất kaki trượt nước.",1199000,Áo khoác gió,Nữ,stradivarius_jk_04,regular,low,"M: Vai 41cm, Ngực 96cm, Eo 80cm, Dài 102cm"
Stradivarius,Áo Khoác Denim Rách Gấu Tua Rua Phong Cách Y2K,"XS, S, M, L",assets/products/stradivarius/stradivarius_distressed_denim.jpg,https://static.stradivarius.net/products/distressed_denim.jpg,"Vải bò cotton xanh sáng xử lý wash mài nhẹ và các vệt xước cá tính. Gấu áo cắt thô tua rua tự nhiên, dáng áo rộng nhẹ phóng khoáng chuẩn phong cách Gen Z.",999000,Áo khoác jean,Nữ,stradivarius_jk_05,regular,low,"M: Vai 41cm, Ngực 96cm, Eo 80cm, Dài 68cm"
Stradivarius,Áo Khoác Chần Bông Quả Trám Màu Xanh Bạc Hà,"XS, S, M, L",assets/products/stradivarius/stradivarius_quilted_jacket.jpg,https://static.stradivarius.net/products/quilted_jacket.jpg,"Họa tiết chần bông hình quả trám thanh mảnh trên nền vải xanh mint bạc hà pastel ngọt ngào. Cổ tròn không bẻ nhẹ nhàng, cúc bấm bọc vải đồng màu tối giản.",1199000,Áo khoác phao,Nữ,stradivarius_jk_06,regular,none,"M: Vai 41cm, Ngực 96cm, Eo 80cm, Dài 68cm"
Stradivarius,Áo Khoác Bóng Chày Varsity Dáng Lửng Thêu Logo,"XS, S, M, L",assets/products/stradivarius/stradivarius_varsity_cropped.jpg,https://static.stradivarius.net/products/varsity_cropped.jpg,"Phom dáng lửng croptop phối hai màu trắng ngà và xanh navy sành điệu. Thêu nổi chữ 'S Varsity 1994' trước ngực, chất nỉ cotton mềm xốp tạo phom thể thao năng động.",1299000,Áo khoác bomber,Nữ,stradivarius_jk_07,oversized,low,"M: Vai 41cm, Ngực 100cm, Eo 84cm, Dài 52cm"
Stradivarius,Áo Khoác Lông Thỏ Nhân Tạo Màu Nâu Mocha Mềm Mại,"XS, S, M, L",assets/products/stradivarius/stradivarius_faux_fur_coat.jpg,https://static.stradivarius.net/products/faux_fur_coat.jpg,"Chất lông nhân tạo sợi tơ siêu mượt màu nâu mocha cà phê sữa. Dáng áo dài ngang đùi cổ ve bẻ sang chảnh, cài móc kim loại giấu kín tạo vẻ ngoài lộng lẫy mùa lễ hội.",1899000,Áo khoác lông,Nữ,stradivarius_jk_08,regular,low,"M: Vai 41cm, Ngực 96cm, Eo 80cm, Dài 68cm"
Stradivarius,Áo Khoác Gile Dạ Dáng Dài Cổ Ve Lật Màu Camel,"XS, S, M, L",assets/products/stradivarius/stradivarius_gile_coat.jpg,https://static.stradivarius.net/products/gile_coat.jpg,"Thiết kế áo gile dạ không tay dáng dài tôn dáng thon thả. Cổ ve nhọn sắc sảo cài một nút ngực, tông màu nâu camel kinh điển cực kỳ dễ phối layer với áo len cổ lọ.",1399000,Áo khoác dạ,Nữ,stradivarius_jk_09,regular,low,"M: Vai 41cm, Ngực 96cm, Eo 80cm, Dài 102cm"
Stradivarius,Áo Khoác Măng Tô Da Nhân Tạo Dáng Dài Kèm Thắt Lưng,"XS, S, M, L",assets/products/stradivarius/stradivarius_leather_trench.jpg,https://static.stradivarius.net/products/leather_trench.jpg,Chất liệu da nhân tạo màu đen bóng mềm rũ theo phong cách Matrix thời thượng. Dáng măng tô dài qua đầu gối với đai thắt eo khóa kim loại tôn trọn đường cong cơ thể.,2499000,Áo khoác da,Nữ,stradivarius_jk_10,regular,none,"M: Vai 41cm, Ngực 96cm, Eo 80cm, Dài 102cm"
Pull&Bear,Áo Khoác Bomber Varsity Bóng Chày Phối Tay Da,"S, M, L, XL",assets/products/pullandbear/pullbear_varsity_bomber.jpg,https://static.pullandbear.net/products/varsity_bomber.jpg,"Áo khoác bomber mang đậm phong cách đường phố Retro. Thân áo dạ nỉ xanh lá đậm kết hợp tay áo da nhân tạo màu kem, thêu chữ nổi nghệ thuật và cổ viền sọc bo thun thể thao.",1399000,Áo khoác bomber,Unisex,pullbear_jk_01,oversized,low,"M: Vai 41cm, Ngực 100cm, Eo 84cm, Dài 68cm"
Pull&Bear,Áo Khoác Denim Cổ Bẻ Wash Xanh Vintage Đường Phố,"S, M, L, XL",assets/products/pullandbear/pullbear_denim_trucker.jpg,https://static.pullandbear.net/products/denim_trucker.jpg,"Vải bò cotton denim 100% xử lý mài wash màu xanh vintage hoài niệm. Hai túi hộp nắp cài nút trước ngực, phom suông rộng phóng khoáng dễ mix layer cùng áo hoodie.",999000,Áo khoác jean,Unisex,pullbear_jk_02,regular,low,"M: Vai 41cm, Ngực 96cm, Eo 80cm, Dài 68cm"
Pull&Bear,Áo Khoác Dù Gorpcore Túi Hộp Chống Nước Phối Màu,"S, M, L, XL",assets/products/pullandbear/pullbear_gorpcore_parka.jpg,https://static.pullandbear.net/products/gorpcore_parka.jpg,"Phong cách Gorpcore dã ngoại với phối màu colorblock đen - xanh rêu. Vải dù ripstop trượt nước, trang bị nhiều túi hộp utility có khóa bấm và nắp đậy tiện ích.",1299000,Áo khoác gió,Unisex,pullbear_jk_03,regular,low,"M: Vai 41cm, Ngực 96cm, Eo 80cm, Dài 68cm"
Pull&Bear,Áo Khoác Da Bạc Màu Cổ Bẻ Phong Cách Thập Niên 90,"S, M, L, XL",assets/products/pullandbear/pullbear_vintage_leather.jpg,https://static.pullandbear.net/products/vintage_leather.jpg,"Chất liệu da nhân tạo cao cấp màu nâu hạt dẻ qua kỹ thuật xử lý mài loang cổ điển. Cổ bẻ thanh lịch, hai túi khóa zip ngang ngực và viền bo gấu thun co giãn êm ái.",1699000,Áo khoác da,Nam,pullbear_jk_04,regular,none,"M: Vai 43cm, Ngực 98cm, Eo 80cm, Dài 68cm"
Pull&Bear,Áo Khoác Nhung Tăm Nâu Bò Lót Lông Cừu Ấm Áp,"S, M, L, XL",assets/products/pullandbear/pullbear_corduroy_sherpa.jpg,https://static.pullandbear.net/products/corduroy_sherpa.jpg,"Vải nhung tăm gân nổi màu nâu bò cổ điển kết hợp lớp lót trong và cổ áo phủ lông cừu sherpa nhân tạo trắng mịn cách nhiệt tuyệt đối, cài khuy kim loại chắc chắn.",1499000,Áo khoác dạ,Unisex,pullbear_jk_05,regular,low,"M: Vai 41cm, Ngực 96cm, Eo 80cm, Dài 68cm"
Pull&Bear,Áo Khoác Nỉ Chui Đầu Họa Tiết Thổ Cẩm Aztec Độc Đáo,"S, M, L, XL",assets/products/pullandbear/pullbear_fleece_print.jpg,https://static.pullandbear.net/products/fleece_print.jpg,Chất nỉ xốp dày ấm in họa tiết hình học Aztec thổ cẩm rực rỡ mang phong cách du mục. Thiết kế cổ bấm nút tiện lợi cùng túi kangaroo lớn phía trước giữ ấm tay.,1099000,Áo khoác lông,Unisex,pullbear_jk_06,regular,low,"M: Vai 41cm, Ngực 96cm, Eo 80cm, Dài 68cm"
Pull&Bear,Áo Khoác Gió Có Mũ Phối Ba Màu Năng Động,"S, M, L, XL",assets/products/pullandbear/pullbear_colorblock_windbreaker.jpg,https://static.pullandbear.net/products/colorblock_windbreaker.jpg,"Phối ba tông màu thời thượng: đen, cam đất và be sáng. Vải dù mỏng nhẹ chống thấm nước, mũ trùm có dây rút điều chỉnh và bo thun cổ tay chống gió lùa hiệu quả.",999000,Áo khoác gió,Unisex,pullbear_jk_07,regular,low,"M: Vai 41cm, Ngực 96cm, Eo 80cm, Dài 68cm"
Pull&Bear,Áo Khoác Phi Công MA-1 Dáng Phồng Màu Xám Rêu,"S, M, L, XL",assets/products/pullandbear/pullbear_ma1_bomber.jpg,https://static.pullandbear.net/products/ma1_bomber.jpg,Kiểu dáng áo bay quân sự MA-1 huyền thoại với chất vải nylon xám rêu và lớp lót bông chần màu cam neon nổi bật. Túi zip con đặc trưng ở bắp tay và cổ bo dệt kim êm ái.,1499000,Áo khoác bomber,Nam,pullbear_jk_08,oversized,low,"M: Vai 43cm, Ngực 102cm, Eo 84cm, Dài 68cm"
Pull&Bear,Áo Khoác Denim Đen Wash Bụi Bặm Phong Cách Grunge,"S, M, L, XL",assets/products/pullandbear/pullbear_black_denim.jpg,https://static.pullandbear.net/products/black_denim.jpg,"Vải bò cotton đen qua xử lý mài acid wash tạo hiệu ứng màu khói bạc chất lừ. Cúc bấm kim loại màu chì mờ, đường may nổi chắc chắn, form relaxed fit thoải mái.",1199000,Áo khoác jean,Unisex,pullbear_jk_09,regular,low,"M: Vai 41cm, Ngực 96cm, Eo 80cm, Dài 68cm"
Pull&Bear,Áo Khoác Phao Gile Dáng Rộng Màu Be Nhám,"S, M, L, XL",assets/products/pullandbear/pullbear_puffer_vest.jpg,https://static.pullandbear.net/products/puffer_vest.jpg,"Áo phao sát nách gile phom rộng chần bông nhẹ màu be đá hiện đại. Cổ đứng cao cản gió, khóa kéo đôi mượt mà và túi hông sâu tiện dụng, cực dễ mix cùng hoodie.",1099000,Áo khoác phao,Unisex,pullbear_jk_10,oversized,none,"M: Vai 41cm, Ngực 100cm, Eo 84cm, Dài 102cm"
Zara,Áo Khoác Trench Coat Dáng Rộng Phong Cách Cổ Điển,"XS, S, M, L, XL",assets/products/zara/zara_long_trench.jpg,https://static.zara.net/photos/products/zara_long_trench.jpg,"Áo trench coat kinh điển màu be cát, chất vải twill dệt chéo cản gió và chống thấm nhẹ. Đai thắt eo kim loại cao cấp cùng chi tiết đệm vai tạo phom thanh lịch.",2999000,Áo măng tô,Nữ,zara_jk_11,oversized,none,"M: Vai 41cm, Ngực 100cm, Eo 84cm, Dài 104cm"
Zara,Áo Khoác Da Lộn Suede Khóa Zip Kim Loại Độc Bản,"S, M, L, XL",assets/products/zara/zara_suede_bomber.jpg,https://static.zara.net/photos/products/zara_suede_bomber.jpg,"Chất liệu da lộn nhân tạo (faux suede) mềm mịn màu nâu cognac ấm áp. Thiết kế cổ đức thanh lịch, cổ tay cài nút bấm kim loại sang trọng.",2499000,Áo khoác da,Nam,zara_jk_12,regular,low,"M: Vai 43cm, Ngực 98cm, Eo 80cm, Dài 68cm"
Zara,Áo Khoác Dạ Tweed Dáng Cropped Họa Tiết Houndstooth,"XS, S, M, L",assets/products/zara/zara_tweed_jacket.jpg,https://static.zara.net/photos/products/zara_tweed_jacket.jpg,Dáng áo lửng tôn dáng với chất dạ tweed dệt sợi kim tuyến ánh vàng nhẹ. Khuy cài ngọc trai đính kim loại thủ công tinh tế chuẩn quý phái.,2199000,Áo khoác tweed,Nữ,zara_jk_13,slim,none,"M: Vai 41cm, Ngực 94cm, Eo 78cm, Dài 52cm"
Zara,Áo Khoác Gió Thể Thao Phối Màu Retro Colorblock,"S, M, L, XL, XXL",assets/products/zara/zara_windbreaker.jpg,https://static.zara.net/photos/products/zara_windbreaker.jpg,"Chất liệu dù nylon chống tia UV và trượt nước cực tốt. Thiết kế khối màu vintage 90s, có mũ trùm rút dây giấu kín trong cổ áo.",1599000,Áo khoác gió,Unisex,zara_jk_14,oversized,none,"M: Vai 43cm, Ngực 102cm, Eo 84cm, Dài 68cm"
Zara,Áo Khoác Denim Rách Gấu Phom Rộng Vintage Wash,"S, M, L, XL",assets/products/zara/zara_denim_vintage.jpg,https://static.zara.net/photos/products/zara_denim_vintage.jpg,"Vải denim cotton 100% xử lý giặt mài hiệu ứng sờn nhẹ tự nhiên. Đường may chỉ nổi màu đồng cổ, hai túi nắp ngực tiện dụng.",1899000,Áo denim,Unisex,zara_jk_15,oversized,none,"M: Vai 41cm, Ngực 100cm, Eo 84cm, Dài 68cm"
Zara,Áo Phao Dáng Dài Có Mũ Lông Tháo Rời Siêu Ấm,"XS, S, M, L",assets/products/zara/zara_hooded_puffer.jpg,https://static.zara.net/photos/products/zara_hooded_puffer.jpg,"Lớp đệm bông giữ nhiệt mật độ cao chống chọi nhiệt độ âm, viền mũ lông nhân tạo mềm mượt. Thiết kế khóa 2 chiều linh hoạt khi ngồi xe.",3199000,Áo phao,Nữ,zara_jk_16,regular,none,"M: Vai 41cm, Ngực 96cm, Eo 80cm, Dài 104cm"
Uniqlo,Áo Khoác Parka Chống Nắng UV Protection Siêu Nhẹ Có Mũ,"S, M, L, XL",assets/products/uniqlo/uniqlo_blocktech_parka.jpg,https://image.uniqlo.com/products/uniqlo_parka.jpg,"Công nghệ cản tia cực tím UPF 50+ độc quyền, chất vải co giãn nhẹ bỏ túi nhỏ gọn. Mũ trùm rộng bao bọc vùng gáy bảo vệ da tối đa.",799000,Áo khoác gió,Nữ,uniqlo_jk_11,regular,medium,"M: Vai 41cm, Ngực 96cm, Eo 80cm, Dài 68cm"
Uniqlo,Áo Khoác Lông Cừu Dày Giữ Nhiệt Windproof Siêu Ấm,"S, M, L, XL, XXL",assets/products/uniqlo/uniqlo_blocktech_parka.jpg,https://image.uniqlo.com/products/uniqlo_wind_fleece.jpg,"Màng chắn gió chuyên dụng kẹp giữa 2 lớp lông cừu boa fleece mềm mại, ngăn hoàn toàn gió lạnh lùa qua sớ vải.",1299000,Áo lông cừu,Nam,uniqlo_jk_12,regular,low,"M: Vai 43cm, Ngực 98cm, Eo 80cm, Dài 68cm"
Uniqlo,Áo Blazer Kẻ Sọc Tinh Tế Cảm Giác Len Siêu Nhẹ,"S, M, L, XL",assets/products/uniqlo/uniqlo_blocktech_parka.jpg,https://image.uniqlo.com/products/uniqlo_blazer.jpg,"Sợi vải dệt công nghệ AirSense siêu co giãn, thoáng khí và có thể giặt máy mà không sợ mất phom vest chuẩn lịch lãm công sở.",1999000,Áo blazer,Nam,uniqlo_jk_13,slim,medium,"M: Vai 43cm, Ngực 96cm, Eo 78cm, Dài 68cm"
Uniqlo,Áo Khoác Dệt Kim Dáng Rộng Cổ Tròn Souffle Nữ,"XS, S, M, L",assets/products/uniqlo/uniqlo_blocktech_parka.jpg,https://image.uniqlo.com/products/uniqlo_souffle.jpg,"Chất len xốp Souffle Yarn êm mềm không ngứa rát, phom thả vai nữ tính dễ phối chân váy hoặc đầm liền.",999000,Áo len khoác,Nữ,uniqlo_jk_14,oversized,medium,"M: Vai 41cm, Ngực 100cm, Eo 84cm, Dài 68cm"
Uniqlo,Áo Khoác Kaki Utility Đa Túi Phong Cách Workwear,"S, M, L, XL",assets/products/uniqlo/uniqlo_utility_jacket.jpg,https://image.uniqlo.com/products/uniqlo_utility_jacket.jpg,"Cổ áo phối vải nhung gân corduroy sang trọng, 4 túi vuông trước ngực và hông tiện dụng chứa đồ cá nhân.",1499000,Áo khoác kaki,Nam,uniqlo_jk_15,regular,none,"M: Vai 43cm, Ngực 98cm, Eo 80cm, Dài 68cm"
Uniqlo,Áo Khoác Lông Vũ Không Đường May Seamless Down,"S, M, L, XL, XXL",assets/products/uniqlo/uniqlo_seamless_down.jpg,https://image.uniqlo.com/products/uniqlo_seamless_down.jpg,Công nghệ ép nhiệt không đường chỉ chống nước và ngăn lông vũ thoát ra ngoài. Chỉ số cách nhiệt Fill Power trên 750 cực đỉnh.,2999000,Áo phao lông vũ,Unisex,uniqlo_jk_16,regular,none,"M: Vai 41cm, Ngực 96cm, Eo 80cm, Dài 68cm"
H&M,Áo Khoác Biker Da Cropped Cá Tính Nữ,"XS, S, M, L",assets/products/hm/hm_biker_cropped.jpg,https://image.hm.com/products/hm_biker_cropped.jpg,"Dáng lửng ôm eo tôn vòng hai quyến rũ, chất da mềm mại cùng chi tiết thắt lưng có khóa kim loại tạo điểm nhấn eo.",1499000,Áo khoác da,Nữ,hm_jk_11,slim,low,"M: Vai 41cm, Ngực 94cm, Eo 78cm, Dài 52cm"
H&M,Áo Khoác Shacket Sơ Mi Kẻ Caro Dạ Nỉ Ấm,"S, M, L, XL",assets/products/hm/hm_plaid_shacket.jpg,https://image.hm.com/products/hm_plaid_shacket.jpg,"Họa tiết sọc tartan xanh đen cổ điển, chất dạ nỉ dày vừa phải phù hợp mặc khoác ngoài áo thun vào tiết trời thu đông se lạnh.",1199000,Áo sơ mi khoác,Unisex,hm_jk_12,oversized,low,"M: Vai 41cm, Ngực 100cm, Eo 84cm, Dài 68cm"
H&M,Áo Khoác Thể Thao Track Jacket Dệt Kim Retro,"S, M, L, XL",assets/products/hm/hm_track_jacket.jpg,https://image.hm.com/products/hm_track_jacket.jpg,"Viền sọc kẻ tay áo phong cách retro 80s, chất thun thể thao poly bóng nhẹ thấm hút tốt, cổ dựng đứng năng động.",999000,Áo khoác thể thao,Nam,hm_jk_13,regular,medium,"M: Vai 43cm, Ngực 98cm, Eo 80cm, Dài 68cm"
H&M,Áo Khoác Teddy Bear Lông Cừu Dập Xù Siêu Đáng Yêu,"XS, S, M, L",assets/products/hm/hm_teddy_jacket.jpg,https://image.hm.com/products/hm_teddy_jacket.jpg,"Lớp lông xù teddy màu kem vani ngọt ngào, lót lụa satin bên trong trượt êm không bết dính. Túi xéo hai bên giữ ấm tay.",1399000,Áo lông cừu,Nữ,hm_jk_14,oversized,low,"M: Vai 41cm, Ngực 100cm, Eo 84cm, Dài 68cm"
H&M,Áo Măng Tô Dạ Đen Cổ Điển Tối Giản Dáng Dài,"S, M, L, XL",assets/products/hm/hm_black_coat.jpg,https://image.hm.com/products/hm_black_coat.jpg,"Sắc đen tuyền tối giản huyền bí, phom suông đứng tôn dáng vai. Thiết kế 1 hàng cúc đơn tinh giản, phối đồ cực kỳ thanh lịch.",2499000,Áo khoác dạ,Unisex,hm_jk_15,regular,none,"M: Vai 41cm, Ngực 96cm, Eo 80cm, Dài 104cm"
H&M,Áo Parka Chống Mưa Lót Lông Có Mũ Trùm Đầu,"S, M, L, XL",assets/products/hm/hm_parka_fur.jpg,https://image.hm.com/products/hm_parka_fur.jpg,Dáng áo parka thắt dây rút eo giúp định hình vóc dáng thon gọn. Lớp lót lông ấm áp và khóa kéo kép cản gió tối ưu.,2299000,Áo parka,Nữ,hm_jk_16,regular,none,"M: Vai 41cm, Ngực 96cm, Eo 80cm, Dài 104cm"
Stradivarius,Áo Khoác Cropped Trench Coat Dáng Lửng Thời Thượng,"XS, S, M, L",assets/products/stradivarius/stradivarius_aviator_jacket.jpg,https://static.stradivarius.net/products/strad_crop_trench.jpg,"Biến tấu từ trench coat cổ điển thành phom cropped trẻ trung, cầu vai phối đai cài và ve cổ bẻ lớn hiện đại.",1499000,Áo măng tô lửng,Nữ,strad_jk_11,oversized,none,"M: Vai 41cm, Ngực 100cm, Eo 84cm, Dài 52cm"
Stradivarius,Áo Khoác Chần Bông Quilted Họa Tiết Quả Trám Nhẹ Nhàng,"XS, S, M, L",assets/products/stradivarius/stradivarius_aviator_jacket.jpg,https://static.stradivarius.net/products/strad_quilted.jpg,"Họa tiết trần bông quả trám phong cách tiểu thư đồng quê nước Anh, viền cổ nẹp vải thô và nút bấm bọc vải đồng màu.",1299000,Áo chần bông,Nữ,strad_jk_12,regular,none,"M: Vai 41cm, Ngực 96cm, Eo 80cm, Dài 68cm"
Stradivarius,Áo Khoác Bomber Bóng Chày Varsity Thêu Logo Nổi,"S, M, L",assets/products/stradivarius/stradivarius_aviator_jacket.jpg,https://static.stradivarius.net/products/strad_varsity.jpg,"Phối tay da nhân tạo màu trắng ngà kết hợp thân áo dạ màu xanh lá đậm học viện, chữ thêu khăn xù nổi bật trước ngực.",1699000,Áo khoác bomber,Nữ,strad_jk_13,oversized,low,"M: Vai 41cm, Ngực 100cm, Eo 84cm, Dài 68cm"
Stradivarius,Áo Khoác Lông Nhân Tạo Dày Dặn Sang Trọng Màu Nâu Tây,"XS, S, M, L",assets/products/stradivarius/stradivarius_aviator_jacket.jpg,https://static.stradivarius.net/products/strad_fur_coat.jpg,"Lớp lông tơ nhân tạo bồng bềnh êm ái, màu nâu tây tôn da, thích hợp diện trong các bữa tiệc đêm mùa đông sang trọng.",2199000,Áo khoác lông,Nữ,strad_jk_14,regular,none,"M: Vai 41cm, Ngực 96cm, Eo 80cm, Dài 68cm"
Stradivarius,Áo Gile Khoác Dạ Dáng Dài Thắt Đai Nữ Tính,"XS, S, M, L",assets/products/stradivarius/stradivarius_aviator_jacket.jpg,https://static.stradivarius.net/products/strad_gile_coat.jpg,"Thiết kế sát nách cách tân giúp dễ dàng phối layer cùng áo len cổ lọ, xẻ tà 2 bên tạo nét bay bổng nhẹ nhàng khi bước đi.",1799000,Áo gile dạ,Nữ,strad_jk_15,regular,none,"M: Vai 41cm, Ngực 96cm, Eo 80cm, Dài 104cm"
Stradivarius,Áo Măng Tô Da Bóng Hiệu Ứng Ma Trận Đẳng Cấp,"S, M, L",assets/products/stradivarius/stradivarius_aviator_jacket.jpg,https://static.stradivarius.net/products/strad_leather_trench.jpg,"Chất da PU bóng vinyl cá tính phong cách Matrix Y2K, cản gió tuyệt đối và chống bám bụi bẩn vượt trội.",2699000,Áo măng tô da,Nữ,strad_jk_16,regular,none,"M: Vai 41cm, Ngực 96cm, Eo 80cm, Dài 104cm"
Pull&Bear,Áo Khoác Nỉ Fleece Họa Tiết Hình Học Aztec Thổ Cẩm,"S, M, L, XL",assets/products/pullandbear/pullbear_fleece_print.jpg,https://static.pullandbear.net/products/pullbear_fleece_print.jpg,"Họa tiết dệt hoa văn thổ cẩm vintage Bohemian bắt mắt, cổ trụ ấm áp có khóa kéo 1/4 tiện lợi điều chỉnh độ thoáng.",1199000,Áo nỉ fleece,Unisex,pullbear_jk_11,oversized,low,"M: Vai 41cm, Ngực 100cm, Eo 84cm, Dài 68cm"
Pull&Bear,Áo Khoác Dù Dáng Rộng Phong Cách Streetwear Skater,"S, M, L, XL",assets/products/pullandbear/pullbear_black_denim.jpg,https://static.pullandbear.net/products/pullbear_windbreaker.jpg,"Form boxy rộng rãi đậm chất trượt ván đường phố, bo chun co giãn ở lai áo và cổ tay chống gió thốc.",1099000,Áo khoác gió,Unisex,pullbear_jk_12,oversized,none,"M: Vai 41cm, Ngực 100cm, Eo 84cm, Dài 68cm"
Pull&Bear,Áo Khoác Bomber Phi Công MA-1 Phối Lớp Lót Cam Nổi Bật,"S, M, L, XL, XXL",assets/products/pullandbear/pullbear_ma1_bomber.jpg,https://static.pullandbear.net/products/pullbear_ma1_bomber.jpg,"Nguyên bản thiết kế áo phi công MA-1 với lớp lót dù màu cam dạ quang cứu hộ, chất vải satin bóng chống thấm dày dặn.",1599000,Áo khoác bomber,Nam,pullbear_jk_13,oversized,none,"M: Vai 43cm, Ngực 102cm, Eo 84cm, Dài 68cm"
Pull&Bear,Áo Khoác Denim Đen Tuyền Wash Axit Rách Bụi Bặm,"S, M, L, XL",assets/products/pullandbear/pullbear_black_denim.jpg,https://static.pullandbear.net/products/pullbear_black_denim.jpg,"Hiệu ứng wash axit loang màu grunge rock, form dropped-shoulder vai trễ phóng khoáng cho giới trẻ.",1399000,Áo denim,Unisex,pullbear_jk_14,oversized,none,"M: Vai 41cm, Ngực 100cm, Eo 84cm, Dài 68cm"
Pull&Bear,Áo Gile Phao Puffer Vest Chần Bông Phối Layer,"S, M, L, XL",assets/products/pullandbear/pullbear_puffer_vest.jpg,https://static.pullandbear.net/products/pullbear_puffer_vest.jpg,"Áo phao sát nách phom phồng trendy, cổ cao giữ ấm cổ tuyệt đối, dễ phối cùng hoodie nỉ năng động dạo phố.",1199000,Áo gile phao,Unisex,pullbear_jk_15,regular,none,"M: Vai 41cm, Ngực 96cm, Eo 80cm, Dài 68cm"
Pull&Bear,Áo Khoác Phong Cách Leo Núi Gorpcore Dây Khóa Chống Nước,"S, M, L, XL",assets/products/pullandbear/pullbear_black_denim.jpg,https://static.pullandbear.net/products/pullbear_gorpcore.jpg,"Chất liệu kỹ thuật 3 lớp chống nước cao cấp, các đường may dán băng keo ép nhiệt seam-sealed ngăn nước mưa ngấm vào cơ thể.",1799000,Áo khoác dã ngoại,Unisex,pullbear_jk_16,regular,none,"M: Vai 41cm, Ngực 96cm, Eo 80cm, Dài 68cm"
